{
  "id": "647ceaf3657eade56f8224eb",
  "index": 0.0.2,
  "something": [1.2, 2.1238, 3.817239817, 4.07012701337],
  "nullValue": null,
  "boolean": true
}
