{
  "id": "tower",
  "index": 0.02,
  "something": [1.2, 2.1238, 3.817239817, 4.07012701337],
  "nullValue": null,
  "boolean": true
}
